quarter,hb,percentage_occupancy
2017Q3,Ayrshire and Arran,92.50844399689512
2017Q3,Ayrshire and Arran,91.90576958984252
2017Q3,Ayrshire and Arran,92.14428943671788
2017Q4,Ayrshire and Arran,94.92310581557916
2017Q4,Ayrshire and Arran,92.37870580697768
2017Q4,Ayrshire and Arran,92.3990081620002
2018Q1,Ayrshire and Arran,95.27936947932396
2018Q1,Ayrshire and Arran,91.79102315203848
2018Q1,Ayrshire and Arran,92.29046146258258
2018Q2,Ayrshire and Arran,93.9559967341326
2018Q2,Ayrshire and Arran,88.56662329832132
2018Q2,Ayrshire and Arran,92.43197372626382
2018Q3,Ayrshire and Arran,93.78430360744946
2018Q3,Ayrshire and Arran,90.67514481656568
2018Q3,Ayrshire and Arran,92.8380451966893
2018Q4,Ayrshire and Arran,93.94648203592814
2018Q4,Ayrshire and Arran,91.09471343374103
2018Q4,Ayrshire and Arran,93.11047362566592
2019Q1,Ayrshire and Arran,95.62395309882746
2019Q1,Ayrshire and Arran,94.69788317256165
2019Q1,Ayrshire and Arran,95.65334362681452
2019Q2,Ayrshire and Arran,94.76122335136183
2019Q2,Ayrshire and Arran,93.99967495530636
2019Q2,Ayrshire and Arran,94.63837446123242
2019Q3,Ayrshire and Arran,93.44573792572638
2019Q3,Ayrshire and Arran,94.6678844760795
2019Q3,Ayrshire and Arran,93.99774430790198
2019Q4,Ayrshire and Arran,94.74302707628848
2019Q4,Ayrshire and Arran,94.57206430787552
2019Q4,Ayrshire and Arran,94.365610796933
2020Q1,Ayrshire and Arran,90.24458225907604
2020Q1,Ayrshire and Arran,89.78906695382275
2020Q1,Ayrshire and Arran,91.03718020562908
2020Q2,Ayrshire and Arran,71.37008112821292
2020Q2,Ayrshire and Arran,71.10615661425331
2020Q2,Ayrshire and Arran,73.5995457986374
2020Q3,Ayrshire and Arran,91.45107410207018
2020Q3,Ayrshire and Arran,88.26215417673919
2020Q3,Ayrshire and Arran,88.85537719125469
2020Q4,Ayrshire and Arran,89.0241698667269
2020Q4,Ayrshire and Arran,88.6146523882373
2020Q4,Ayrshire and Arran,87.81506406255319
2021Q1,Ayrshire and Arran,90.67649511958705
2021Q1,Ayrshire and Arran,86.45775237032906
2021Q1,Ayrshire and Arran,87.81744019910587
2021Q2,Ayrshire and Arran,91.86270125223614
2021Q2,Ayrshire and Arran,89.11306217523742
2021Q2,Ayrshire and Arran,89.72154349730303
2021Q3,Ayrshire and Arran,93.25340164622878
2021Q3,Ayrshire and Arran,91.0760595403034
2021Q3,Ayrshire and Arran,91.669256381798
2021Q4,Ayrshire and Arran,91.94809286572276
2021Q4,Ayrshire and Arran,91.079256836685
2021Q4,Ayrshire and Arran,91.2992
2022Q1,Ayrshire and Arran,92.5303619856149
2022Q1,Ayrshire and Arran,91.89058339385136
2022Q1,Ayrshire and Arran,91.88888888888889
2022Q2,Ayrshire and Arran,94.11565776124448
2022Q2,Ayrshire and Arran,93.03098095044405
2022Q2,Ayrshire and Arran,93.1625118873348
2022Q3,Ayrshire and Arran,93.7698802277636
2022Q3,Ayrshire and Arran,92.51338710770692
2022Q3,Ayrshire and Arran,92.73660037080737
2017Q3,Borders,86.69998078031905
2017Q3,Borders,86.69998078031905
2017Q4,Borders,91.19041916167664
2017Q4,Borders,91.19041916167664
2018Q1,Borders,96.46051931724772
2018Q1,Borders,96.46051931724772
2018Q2,Borders,92.47651907226376
2018Q2,Borders,92.47651907226376
2018Q3,Borders,88.82665517736608
2018Q3,Borders,88.82665517736608
2018Q4,Borders,89.8854187791523
2018Q4,Borders,89.8854187791523
2019Q1,Borders,86.96750376451159
2019Q1,Borders,86.96750376451159
2019Q2,Borders,85.29147534438012
2019Q2,Borders,85.29147534438012
2019Q3,Borders,83.67085362727505
2019Q3,Borders,83.67085362727505
2019Q4,Borders,88.0938752146537
2019Q4,Borders,88.0938752146537
2020Q1,Borders,78.90861211352774
2020Q1,Borders,79.00179637811333
2020Q2,Borders,61.784373533552326
2020Q2,Borders,61.784373533552326
2020Q3,Borders,78.55472404115996
2020Q3,Borders,78.55472404115996
2020Q4,Borders,85.75854819077128
2020Q4,Borders,85.75854819077128
2021Q1,Borders,85.2727909186378
2021Q1,Borders,85.2727909186378
2021Q2,Borders,90.17684724057322
2021Q2,Borders,90.17684724057322
2021Q3,Borders,90.36163439962426
2021Q3,Borders,90.36163439962426
2021Q4,Borders,88.8782450426286
2021Q4,Borders,88.8782450426286
2022Q1,Borders,90.79505890208422
2022Q1,Borders,90.79505890208422
2022Q2,Borders,94.95741385985288
2022Q2,Borders,94.95741385985288
2022Q3,Borders,95.48025261570363
2022Q3,Borders,95.48025261570363
2017Q3,Dumfries and Galloway,63.83233532934132
2017Q3,Dumfries and Galloway,78.65012794995735
2017Q3,Dumfries and Galloway,78.84220141584835
2017Q4,Dumfries and Galloway,62.1448212648946
2017Q4,Dumfries and Galloway,77.96735159052056
2017Q4,Dumfries and Galloway,78.96301188903567
2018Q1,Dumfries and Galloway,54.71236230110159
2018Q1,Dumfries and Galloway,92.1926470031426
2018Q1,Dumfries and Galloway,91.12338403628398
2018Q2,Dumfries and Galloway,54.79028697571744
2018Q2,Dumfries and Galloway,91.57869577341354
2018Q2,Dumfries and Galloway,89.80434166167805
2018Q3,Dumfries and Galloway,57.19237435008666
2018Q3,Dumfries and Galloway,90.28159739706396
2018Q3,Dumfries and Galloway,88.71259916297083
2018Q4,Dumfries and Galloway,59.62314939434725
2018Q4,Dumfries and Galloway,90.38263894379004
2018Q4,Dumfries and Galloway,89.24505879409556
2019Q1,Dumfries and Galloway,62.93508936970837
2019Q1,Dumfries and Galloway,90.23827824750192
2019Q1,Dumfries and Galloway,89.72705591378853
2019Q2,Dumfries and Galloway,54.95537811178958
2019Q2,Dumfries and Galloway,90.7881269191402
2019Q2,Dumfries and Galloway,89.64798449839994
2019Q3,Dumfries and Galloway,51.81895093062606
2019Q3,Dumfries and Galloway,90.49436635225896
2019Q3,Dumfries and Galloway,88.92654706947934
2019Q4,Dumfries and Galloway,59.03242408646423
2019Q4,Dumfries and Galloway,89.86884416663656
2019Q4,Dumfries and Galloway,89.36586219978406
2020Q1,Dumfries and Galloway,75.75607337630144
2020Q1,Dumfries and Galloway,89.45647574720161
2020Q1,Dumfries and Galloway,89.81515598133137
2020Q2,Dumfries and Galloway,33.61788617886179
2020Q2,Dumfries and Galloway,66.83633172444054
2020Q2,Dumfries and Galloway,63.45041181675855
2020Q3,Dumfries and Galloway,46.9017094017094
2020Q3,Dumfries and Galloway,88.8190903528452
2020Q3,Dumfries and Galloway,80.39663907080192
2020Q4,Dumfries and Galloway,33.494910324769755
2020Q4,Dumfries and Galloway,89.63266299059359
2020Q4,Dumfries and Galloway,84.22934365467249
2021Q1,Dumfries and Galloway,35.06405933917735
2021Q1,Dumfries and Galloway,88.72177352892697
2021Q1,Dumfries and Galloway,86.05548410802865
2021Q2,Dumfries and Galloway,18.331503841931944
2021Q2,Dumfries and Galloway,91.76943161277366
2021Q2,Dumfries and Galloway,89.58602130718472
2021Q3,Dumfries and Galloway,13.895781637717125
2021Q3,Dumfries and Galloway,91.68475413516953
2021Q3,Dumfries and Galloway,90.92316897194944
2021Q4,Dumfries and Galloway,15.2317880794702
2021Q4,Dumfries and Galloway,90.36720321931588
2021Q4,Dumfries and Galloway,88.84351464435147
2022Q1,Dumfries and Galloway,2.5114155251141557
2022Q1,Dumfries and Galloway,89.80280038120372
2022Q1,Dumfries and Galloway,88.90920380847247
2022Q2,Dumfries and Galloway,26.41509433962264
2022Q2,Dumfries and Galloway,89.53725876884067
2022Q2,Dumfries and Galloway,89.06151445739135
2022Q3,Dumfries and Galloway,19.705882352941178
2022Q3,Dumfries and Galloway,89.95354641891423
2022Q3,Dumfries and Galloway,89.51156475938103
2017Q3,Fife,81.13951985020397
2017Q3,Fife,82.2733967063864
2017Q3,Fife,82.12348672043763
2017Q4,Fife,85.62130703274245
2017Q4,Fife,83.40505648197957
2017Q4,Fife,85.50367784565515
2018Q1,Fife,89.41737589428314
2018Q1,Fife,85.19840724975973
2018Q1,Fife,89.15658905089067
2018Q2,Fife,83.07595129707478
2018Q2,Fife,82.31524406872103
2018Q2,Fife,84.03237560665498
2018Q3,Fife,84.07688200747464
2018Q3,Fife,84.66936572199731
2018Q3,Fife,85.8470852155742
2018Q4,Fife,86.37158210501327
2018Q4,Fife,86.46145464451104
2018Q4,Fife,87.55624275222264
2019Q1,Fife,88.16752566157045
2019Q1,Fife,87.34434217650244
2019Q1,Fife,89.5171793599603
2019Q2,Fife,81.62248188633413
2019Q2,Fife,84.58503401360544
2019Q2,Fife,84.11809235427707
2019Q3,Fife,83.10688875521168
2019Q3,Fife,84.75626178292485
2019Q3,Fife,84.7633859142413
2019Q4,Fife,86.47602344184455
2019Q4,Fife,85.97981943706853
2019Q4,Fife,87.36397253037507
2020Q1,Fife,82.1412359769146
2020Q1,Fife,84.16746215737079
2020Q1,Fife,83.85052778029822
2020Q2,Fife,54.81136950904393
2020Q2,Fife,47.87545358773265
2020Q2,Fife,56.5956330350115
2020Q3,Fife,68.17849898580121
2020Q3,Fife,52.276621787025704
2020Q3,Fife,68.05511054149311
2020Q4,Fife,71.71056603014266
2020Q4,Fife,62.464536820032066
2020Q4,Fife,71.75589144923117
2021Q1,Fife,73.308162086325
2021Q1,Fife,68.16700100300903
2021Q1,Fife,73.64165973130426
2021Q2,Fife,74.02073260673603
2021Q2,Fife,56.06208750916647
2021Q2,Fife,72.94959387737148
2021Q3,Fife,76.09471032745591
2021Q3,Fife,57.274923836537454
2021Q3,Fife,74.42420806463042
2021Q4,Fife,76.4629492737698
2021Q4,Fife,61.16656269494698
2021Q4,Fife,75.02205172003417
2022Q1,Fife,76.01381552214546
2022Q1,Fife,76.33604104318084
2022Q1,Fife,78.46305020086123
2022Q2,Fife,77.61680478546872
2022Q2,Fife,75.5990169977473
2022Q2,Fife,79.12612447218652
2022Q3,Fife,78.41695586534124
2022Q3,Fife,76.28908676744666
2022Q3,Fife,79.86691405214627
2017Q3,Forth Valley,90.4198347107438
2017Q3,Forth Valley,90.98428150560852
2017Q4,Forth Valley,94.7317402115733
2017Q4,Forth Valley,95.18126548074758
2018Q1,Forth Valley,92.4118085900032
2018Q1,Forth Valley,92.92739319483746
2018Q2,Forth Valley,80.7553296352848
2018Q2,Forth Valley,82.5860085238782
2018Q3,Forth Valley,91.1213367827304
2018Q3,Forth Valley,91.4306938573374
2018Q4,Forth Valley,92.42482848476212
2018Q4,Forth Valley,91.32477026611554
2019Q1,Forth Valley,90.56125058825936
2019Q1,Forth Valley,89.77857570317175
2019Q2,Forth Valley,76.87113629673242
2019Q2,Forth Valley,77.38981716914881
2019Q3,Forth Valley,68.80798090040928
2019Q3,Forth Valley,69.12925035640181
2019Q4,Forth Valley,73.45069826491748
2019Q4,Forth Valley,72.42220695264405
2020Q1,Forth Valley,71.41955082258174
2020Q1,Forth Valley,73.1281221616712
2020Q2,Forth Valley,49.84790673957766
2020Q2,Forth Valley,53.218319227829824
2020Q3,Forth Valley,70.6082705561789
2020Q3,Forth Valley,71.55564587990682
2020Q4,Forth Valley,76.86775868957251
2020Q4,Forth Valley,76.6499836287946
2021Q1,Forth Valley,79.51368262643064
2021Q1,Forth Valley,77.31050583657589
2021Q2,Forth Valley,78.69107065623402
2021Q2,Forth Valley,74.85829332507356
2021Q3,Forth Valley,80.48859997315385
2021Q3,Forth Valley,74.32484971737895
2021Q4,Forth Valley,82.30176839703365
2021Q4,Forth Valley,78.31219068206383
2022Q1,Forth Valley,80.45630650021523
2022Q1,Forth Valley,76.95053988157437
2022Q2,Forth Valley,80.91875214261226
2022Q2,Forth Valley,77.51880643675594
2022Q3,Forth Valley,82.190765082575
2022Q3,Forth Valley,78.59270032550731
2017Q3,Grampian,87.05831931172419
2017Q3,Grampian,84.21745673438676
2017Q3,Grampian,82.80375353675169
2017Q4,Grampian,87.84664677936141
2017Q4,Grampian,79.83324170789811
2017Q4,Grampian,83.96210198489338
2018Q1,Grampian,89.78697223717603
2018Q1,Grampian,90.26790595954073
2018Q1,Grampian,88.75767165808924
2018Q2,Grampian,84.33336468227844
2018Q2,Grampian,84.4105765699596
2018Q2,Grampian,84.29397175477075
2018Q3,Grampian,83.52893056036247
2018Q3,Grampian,79.45244143381315
2018Q3,Grampian,80.8865615295622
2018Q4,Grampian,84.00743470801297
2018Q4,Grampian,76.90890669614073
2018Q4,Grampian,80.88646360011509
2019Q1,Grampian,89.85672524012978
2019Q1,Grampian,70.26728110599078
2019Q1,Grampian,84.55560295050927
2019Q2,Grampian,90.13224986645515
2019Q2,Grampian,76.77657177964366
2019Q2,Grampian,100
2019Q2,Grampian,85.67894418313283
2019Q3,Grampian,87.94309481047358
2019Q3,Grampian,79.71116237087554
2019Q3,Grampian,100
2019Q3,Grampian,84.35249565433325
2019Q4,Grampian,86.851547771088
2019Q4,Grampian,86.30963605506318
2019Q4,Grampian,100
2019Q4,Grampian,84.169806581261
2020Q1,Grampian,81.91345050161739
2020Q1,Grampian,83.61915471839565
2020Q1,Grampian,100
2020Q1,Grampian,80.302746228007
2020Q2,Grampian,66.90236411684879
2020Q2,Grampian,54.029971648440664
2020Q2,Grampian,66.32387399114815
2020Q3,Grampian,79.66959717518195
2020Q3,Grampian,76.82057276446524
2020Q3,Grampian,79.22205036492822
2020Q4,Grampian,83.90254207450181
2020Q4,Grampian,76.54486534808359
2020Q4,Grampian,80.93031630754457
2021Q1,Grampian,85.8596318211703
2021Q1,Grampian,81.3473877176902
2021Q1,Grampian,82.60273032859985
2021Q2,Grampian,87.11367207962284
2021Q2,Grampian,85.81389757153161
2021Q2,Grampian,100
2021Q2,Grampian,85.37017690077357
2021Q3,Grampian,86.98427729432316
2021Q3,Grampian,92.555357597353
2021Q3,Grampian,86.58063776095435
2021Q4,Grampian,88.21448962760896
2021Q4,Grampian,88.90539871223378
2021Q4,Grampian,86.98921868760814
2022Q1,Grampian,88.14326949144434
2022Q1,Grampian,89.66177409061902
2022Q1,Grampian,87.98812976326971
2022Q2,Grampian,89.40272845596387
2022Q2,Grampian,91.34324596774192
2022Q2,Grampian,88.45029077201917
2022Q3,Grampian,90.174855605665
2022Q3,Grampian,93.00922640170332
2022Q3,Grampian,89.1020322370095
2017Q3,Greater Glasgow and Clyde,71.48097826086956
2017Q3,Greater Glasgow and Clyde,78.03233019317474
2017Q3,Greater Glasgow and Clyde,86.77346608799252
2017Q3,Greater Glasgow and Clyde,88.72369654251564
2017Q3,Greater Glasgow and Clyde,89.51666298830281
2017Q3,Greater Glasgow and Clyde,97.94683380159933
2017Q3,Greater Glasgow and Clyde,87.45803601273089
2017Q3,Greater Glasgow and Clyde,72.48960986727444
2017Q3,Greater Glasgow and Clyde,84.88712084644108
2017Q4,Greater Glasgow and Clyde,77.56376195536664
2017Q4,Greater Glasgow and Clyde,82.1066404972195
2017Q4,Greater Glasgow and Clyde,89.04575498941153
2017Q4,Greater Glasgow and Clyde,88.63357151811458
2017Q4,Greater Glasgow and Clyde,87.56045137023105
2017Q4,Greater Glasgow and Clyde,96.74005080440304
2017Q4,Greater Glasgow and Clyde,89.29625715222859
2017Q4,Greater Glasgow and Clyde,75.32453483340545
2017Q4,Greater Glasgow and Clyde,86.68578201288481
2018Q1,Greater Glasgow and Clyde,89.58086979371963
2018Q1,Greater Glasgow and Clyde,86.13968597726044
2018Q1,Greater Glasgow and Clyde,92.12078918987504
2018Q1,Greater Glasgow and Clyde,90.78974634015528
2018Q1,Greater Glasgow and Clyde,97.14601769911503
2018Q1,Greater Glasgow and Clyde,98.89795918367346
2018Q1,Greater Glasgow and Clyde,90.93446882002188
2018Q1,Greater Glasgow and Clyde,80.01407092789951
2018Q1,Greater Glasgow and Clyde,89.53986177143864
2018Q2,Greater Glasgow and Clyde,78.10389968306463
2018Q2,Greater Glasgow and Clyde,83.17118691180558
2018Q2,Greater Glasgow and Clyde,89.66553520852702
2018Q2,Greater Glasgow and Clyde,90.31492304318095
2018Q2,Greater Glasgow and Clyde,90.62569091311076
2018Q2,Greater Glasgow and Clyde,97.65674477517416
2018Q2,Greater Glasgow and Clyde,88.42248102473866
2018Q2,Greater Glasgow and Clyde,77.36865489281351
2018Q2,Greater Glasgow and Clyde,87.12307544428047
2018Q3,Greater Glasgow and Clyde,74.24489795918367
2018Q3,Greater Glasgow and Clyde,85.13185633029711
2018Q3,Greater Glasgow and Clyde,89.25458370904718
2018Q3,Greater Glasgow and Clyde,88.47647327546825
2018Q3,Greater Glasgow and Clyde,93.08615049073065
2018Q3,Greater Glasgow and Clyde,97.35587342869528
2018Q3,Greater Glasgow and Clyde,87.94380925105926
2018Q3,Greater Glasgow and Clyde,76.31534936615714
2018Q3,Greater Glasgow and Clyde,86.37118526620814
2018Q4,Greater Glasgow and Clyde,74.17619367854742
2018Q4,Greater Glasgow and Clyde,88.4969618221424
2018Q4,Greater Glasgow and Clyde,89.20978566789347
2018Q4,Greater Glasgow and Clyde,87.64474423833614
2018Q4,Greater Glasgow and Clyde,95.53376906318084
2018Q4,Greater Glasgow and Clyde,98.2628714943491
2018Q4,Greater Glasgow and Clyde,88.3274437035175
2018Q4,Greater Glasgow and Clyde,79.18123907069699
2018Q4,Greater Glasgow and Clyde,87.09443414885719
2019Q1,Greater Glasgow and Clyde,81.08034000548395
2019Q1,Greater Glasgow and Clyde,89.10284786778811
2019Q1,Greater Glasgow and Clyde,89.96480441949568
2019Q1,Greater Glasgow and Clyde,90.18222616757902
2019Q1,Greater Glasgow and Clyde,96.53333333333332
2019Q1,Greater Glasgow and Clyde,97.87277561873591
2019Q1,Greater Glasgow and Clyde,89.3744387907812
2019Q1,Greater Glasgow and Clyde,84.96327905019014
2019Q1,Greater Glasgow and Clyde,89.05972914054645
2019Q2,Greater Glasgow and Clyde,81.10354223433244
2019Q2,Greater Glasgow and Clyde,89.67018571318488
2019Q2,Greater Glasgow and Clyde,88.44454313311869
2019Q2,Greater Glasgow and Clyde,91.00267346275892
2019Q2,Greater Glasgow and Clyde,96.58063092874475
2019Q2,Greater Glasgow and Clyde,93.70915032679738
2019Q2,Greater Glasgow and Clyde,89.02553134607672
2019Q2,Greater Glasgow and Clyde,82.47946936197094
2019Q2,Greater Glasgow and Clyde,88.39797283230236
2019Q3,Greater Glasgow and Clyde,82.16039279869068
2019Q3,Greater Glasgow and Clyde,87.97099772455552
2019Q3,Greater Glasgow and Clyde,91.35274162435422
2019Q3,Greater Glasgow and Clyde,89.87582729278284
2019Q3,Greater Glasgow and Clyde,90.88325317009182
2019Q3,Greater Glasgow and Clyde,98.15168897386872
2019Q3,Greater Glasgow and Clyde,87.61208117036338
2019Q3,Greater Glasgow and Clyde,81.40491851083821
2019Q3,Greater Glasgow and Clyde,87.07812477728524
2019Q4,Greater Glasgow and Clyde,83.67430441898527
2019Q4,Greater Glasgow and Clyde,92.23893937136896
2019Q4,Greater Glasgow and Clyde,92.15078082929456
2019Q4,Greater Glasgow and Clyde,91.4920658424027
2019Q4,Greater Glasgow and Clyde,98.68507560815254
2019Q4,Greater Glasgow and Clyde,98.6685214626391
2019Q4,Greater Glasgow and Clyde,89.33468841776455
2019Q4,Greater Glasgow and Clyde,83.96832191780823
2019Q4,Greater Glasgow and Clyde,89.19771144390562
2020Q1,Greater Glasgow and Clyde,82.1360544217687
2020Q1,Greater Glasgow and Clyde,88.9327917282127
2020Q1,Greater Glasgow and Clyde,86.47657665430076
2020Q1,Greater Glasgow and Clyde,86.33192492876094
2020Q1,Greater Glasgow and Clyde,98.86039886039885
2020Q1,Greater Glasgow and Clyde,98.73772791023842
2020Q1,Greater Glasgow and Clyde,85.84796027709444
2020Q1,Greater Glasgow and Clyde,84.68196340400813
2020Q1,Greater Glasgow and Clyde,85.78476883419958
2020Q2,Greater Glasgow and Clyde,50.12468827930176
2020Q2,Greater Glasgow and Clyde,71.32333123708563
2020Q2,Greater Glasgow and Clyde,68.84670786673482
2020Q2,Greater Glasgow and Clyde,69.02156076540004
2020Q2,Greater Glasgow and Clyde,95.20312141381686
2020Q2,Greater Glasgow and Clyde,80.71961982348948
2020Q2,Greater Glasgow and Clyde,67.5466442587492
2020Q2,Greater Glasgow and Clyde,56.517802165960376
2020Q2,Greater Glasgow and Clyde,66.95399736143702
2020Q3,Greater Glasgow and Clyde,65.07242415960644
2020Q3,Greater Glasgow and Clyde,81.75720400688408
2020Q3,Greater Glasgow and Clyde,85.66109332384679
2020Q3,Greater Glasgow and Clyde,82.84599876134881
2020Q3,Greater Glasgow and Clyde,96.66591574678982
2020Q3,Greater Glasgow and Clyde,94.88968932913104
2020Q3,Greater Glasgow and Clyde,81.58381442295453
2020Q3,Greater Glasgow and Clyde,76.92882775119617
2020Q3,Greater Glasgow and Clyde,81.02030015160076
2020Q4,Greater Glasgow and Clyde,76.0197600564573
2020Q4,Greater Glasgow and Clyde,84.00887027226808
2020Q4,Greater Glasgow and Clyde,88.09360886820856
2020Q4,Greater Glasgow and Clyde,83.73908376835635
2020Q4,Greater Glasgow and Clyde,95.78313253012048
2020Q4,Greater Glasgow and Clyde,95.4801083107686
2020Q4,Greater Glasgow and Clyde,84.26744737376855
2020Q4,Greater Glasgow and Clyde,72.68253268693992
2020Q4,Greater Glasgow and Clyde,82.73212850589987
2021Q1,Greater Glasgow and Clyde,88.14273672379882
2021Q1,Greater Glasgow and Clyde,85.34600821719167
2021Q1,Greater Glasgow and Clyde,88.87398549571463
2021Q1,Greater Glasgow and Clyde,84.77334317230499
2021Q1,Greater Glasgow and Clyde,96.32319564230596
2021Q1,Greater Glasgow and Clyde,97.35768408781814
2021Q1,Greater Glasgow and Clyde,84.85767132013783
2021Q1,Greater Glasgow and Clyde,77.54171301446051
2021Q1,Greater Glasgow and Clyde,84.16950904392765
2021Q2,Greater Glasgow and Clyde,85.5924040181643
2021Q2,Greater Glasgow and Clyde,88.21680435220634
2021Q2,Greater Glasgow and Clyde,90.61609195402298
2021Q2,Greater Glasgow and Clyde,86.1124694376528
2021Q2,Greater Glasgow and Clyde,98.85964912280704
2021Q2,Greater Glasgow and Clyde,96.51372019793072
2021Q2,Greater Glasgow and Clyde,86.50895862988317
2021Q2,Greater Glasgow and Clyde,80.49280562369567
2021Q2,Greater Glasgow and Clyde,85.98862394116719
2021Q3,Greater Glasgow and Clyde,86.46178301761823
2021Q3,Greater Glasgow and Clyde,87.70010778873407
2021Q3,Greater Glasgow and Clyde,91.54445765622935
2021Q3,Greater Glasgow and Clyde,88.11783920523621
2021Q3,Greater Glasgow and Clyde,98.88280394304492
2021Q3,Greater Glasgow and Clyde,98.99590163934428
2021Q3,Greater Glasgow and Clyde,89.05068461325159
2021Q3,Greater Glasgow and Clyde,83.9196149055778
2021Q3,Greater Glasgow and Clyde,87.85127824759658
2021Q4,Greater Glasgow and Clyde,90.36879808967896
2021Q4,Greater Glasgow and Clyde,88.91066928031364
2021Q4,Greater Glasgow and Clyde,92.9646375292139
2021Q4,Greater Glasgow and Clyde,87.8228649973107
2021Q4,Greater Glasgow and Clyde,98.99034240561896
2021Q4,Greater Glasgow and Clyde,98.97379512552683
2021Q4,Greater Glasgow and Clyde,89.74807213506784
2021Q4,Greater Glasgow and Clyde,82.91007280308986
2021Q4,Greater Glasgow and Clyde,88.43008690987737
2022Q1,Greater Glasgow and Clyde,89.6949152542373
2022Q1,Greater Glasgow and Clyde,88.9191079337944
2022Q1,Greater Glasgow and Clyde,93.75247046422768
2022Q1,Greater Glasgow and Clyde,87.5876975837127
2022Q1,Greater Glasgow and Clyde,96.92549371633751
2022Q1,Greater Glasgow and Clyde,98.8092988092988
2022Q1,Greater Glasgow and Clyde,91.64441111425708
2022Q1,Greater Glasgow and Clyde,86.14865992456862
2022Q1,Greater Glasgow and Clyde,89.04853402871898
2022Q2,Greater Glasgow and Clyde,91.77060737527115
2022Q2,Greater Glasgow and Clyde,90.19719378081152
2022Q2,Greater Glasgow and Clyde,94.29565069872976
2022Q2,Greater Glasgow and Clyde,89.26755136474051
2022Q2,Greater Glasgow and Clyde,99.08909131304156
2022Q2,Greater Glasgow and Clyde,98.5910270671116
2022Q2,Greater Glasgow and Clyde,92.99474475035694
2022Q2,Greater Glasgow and Clyde,87.2432534917525
2022Q2,Greater Glasgow and Clyde,90.56614316887064
2022Q3,Greater Glasgow and Clyde,93.70950323974084
2022Q3,Greater Glasgow and Clyde,89.61917190651323
2022Q3,Greater Glasgow and Clyde,94.58382374197278
2022Q3,Greater Glasgow and Clyde,90.74881605476628
2022Q3,Greater Glasgow and Clyde,99.69452323805366
2022Q3,Greater Glasgow and Clyde,98.61339171684
2022Q3,Greater Glasgow and Clyde,92.13229583388286
2022Q3,Greater Glasgow and Clyde,84.7265601077837
2022Q3,Greater Glasgow and Clyde,90.47416688371328
2017Q3,Highland,66.10948600083577
2017Q3,Highland,100
2017Q3,Highland,90.50400681010947
2017Q3,Highland,90.69664902998235
2017Q3,Highland,87.65894407637546
2017Q4,Highland,78.20271682340648
2017Q4,Highland,100
2017Q4,Highland,89.63956069634304
2017Q4,Highland,94.89878542510122
2017Q4,Highland,88.72060091121782
2018Q1,Highland,82.07808832942182
2018Q1,Highland,100
2018Q1,Highland,90.44289743743624
2018Q1,Highland,94.5
2018Q1,Highland,90.09421095700706
2018Q2,Highland,77.03927492447131
2018Q2,Highland,100
2018Q2,Highland,88.58249977471388
2018Q2,Highland,88.11837455830388
2018Q2,Highland,88.18729153118379
2018Q3,Highland,72.03335471456062
2018Q3,Highland,100
2018Q3,Highland,88.1248724750051
2018Q3,Highland,92.9357021996616
2018Q3,Highland,87.6264864085073
2018Q4,Highland,79.28905917411664
2018Q4,Highland,100
2018Q4,Highland,89.27677826760396
2018Q4,Highland,91.74475680499778
2018Q4,Highland,88.7910649438392
2019Q1,Highland,80.90650317495073
2019Q1,Highland,100
2019Q1,Highland,92.12523152297304
2019Q1,Highland,97.3747016706444
2019Q1,Highland,91.52365006278778
2019Q2,Highland,81.77994243967235
2019Q2,Highland,100
2019Q2,Highland,89.47505122507286
2019Q2,Highland,96.48768671780378
2019Q2,Highland,89.82163748691528
2019Q3,Highland,75.36902401410002
2019Q3,Highland,100
2019Q3,Highland,89.3280409875292
2019Q3,Highland,96.12730061349691
2019Q3,Highland,88.68373199048818
2019Q4,Highland,75.83314441169803
2019Q4,Highland,100
2019Q4,Highland,90.38054670089424
2019Q4,Highland,96.70865501828526
2019Q4,Highland,89.22711918931961
2020Q1,Highland,74.2131032874796
2020Q1,Highland,97.05625182162636
2020Q1,Highland,84.98384283222282
2020Q1,Highland,98.74667679453096
2020Q1,Highland,85.1343416550244
2020Q2,Highland,48.82268140317155
2020Q2,Highland,80.01958863858962
2020Q2,Highland,69.09827760891591
2020Q2,Highland,65.08670520231215
2020Q2,Highland,66.78736861905993
2020Q3,Highland,75.24314765694075
2020Q3,Highland,100
2020Q3,Highland,86.75131290301137
2020Q3,Highland,92.62399321746504
2020Q3,Highland,85.24151300454639
2020Q4,Highland,73.69693713057495
2020Q4,Highland,100
2020Q4,Highland,89.6120769659098
2020Q4,Highland,98.91031014249788
2020Q4,Highland,88.12802062077112
2021Q1,Highland,71.38174483106404
2021Q1,Highland,100
2021Q1,Highland,92.26661581005054
2021Q1,Highland,97.08973322554569
2021Q1,Highland,90.28270097588728
2021Q2,Highland,72.21945137157107
2021Q2,Highland,100
2021Q2,Highland,92.39151712887438
2021Q2,Highland,91.77067082683308
2021Q2,Highland,90.4750095813513
2021Q3,Highland,84.7758331335411
2021Q3,Highland,100
2021Q3,Highland,90.89839940336184
2021Q3,Highland,96.6992253283934
2021Q3,Highland,91.1527934310095
2021Q4,Highland,79.94678277697146
2021Q4,Highland,100
2021Q4,Highland,90.56933976910264
2021Q4,Highland,96.24347826086957
2021Q4,Highland,90.661524536618
2022Q1,Highland,75.9487432232627
2022Q1,Highland,100
2022Q1,Highland,94.68822843822844
2022Q1,Highland,91.52364273204904
2022Q1,Highland,92.55688236243344
2022Q2,Highland,77.00190657769303
2022Q2,Highland,100
2022Q2,Highland,92.08034192809453
2022Q2,Highland,98.21683309557774
2022Q2,Highland,91.7003219198127
2022Q3,Highland,86.50998824911869
2022Q3,Highland,100
2022Q3,Highland,93.88210017456694
2022Q3,Highland,97.6672384219554
2022Q3,Highland,93.5308286077342
2017Q3,Lanarkshire,78.34514170040485
2017Q3,Lanarkshire,91.12408836275236
2017Q3,Lanarkshire,88.32965923879844
2017Q3,Lanarkshire,85.67388866904102
2017Q4,Lanarkshire,82.95393163052705
2017Q4,Lanarkshire,92.85789307845816
2017Q4,Lanarkshire,91.47268533081682
2017Q4,Lanarkshire,88.6390971249691
2018Q1,Lanarkshire,84.4524767092603
2018Q1,Lanarkshire,92.07897050595474
2018Q1,Lanarkshire,92.86755932652792
2018Q1,Lanarkshire,89.35256925511904
2018Q2,Lanarkshire,80.42801138499543
2018Q2,Lanarkshire,91.12941053838536
2018Q2,Lanarkshire,88.85442350009278
2018Q2,Lanarkshire,86.65116356883543
2018Q3,Lanarkshire,82.0864124278548
2018Q3,Lanarkshire,90.42078675838349
2018Q3,Lanarkshire,89.97876746441584
2018Q3,Lanarkshire,87.35723189919476
2018Q4,Lanarkshire,80.3050119685117
2018Q4,Lanarkshire,91.43439135703788
2018Q4,Lanarkshire,90.22595626989512
2018Q4,Lanarkshire,87.07956746287927
2019Q1,Lanarkshire,82.79824264954377
2019Q1,Lanarkshire,90.9571834362703
2019Q1,Lanarkshire,93.06830579282084
2019Q1,Lanarkshire,88.82111092465179
2019Q2,Lanarkshire,85.06077234729986
2019Q2,Lanarkshire,86.83983588993127
2019Q2,Lanarkshire,91.77505134010848
2019Q2,Lanarkshire,88.00088838015837
2019Q3,Lanarkshire,86.43921568627451
2019Q3,Lanarkshire,88.56788143703282
2019Q3,Lanarkshire,91.26256575863326
2019Q3,Lanarkshire,88.90577118419817
2019Q4,Lanarkshire,85.53265217723649
2019Q4,Lanarkshire,93.68418342387808
2019Q4,Lanarkshire,92.05582116552526
2019Q4,Lanarkshire,90.47217609023696
2020Q1,Lanarkshire,79.3769716088328
2020Q1,Lanarkshire,81.38073803047445
2020Q1,Lanarkshire,86.1083845637237
2020Q1,Lanarkshire,82.40986841032499
2020Q2,Lanarkshire,54.27713065935804
2020Q2,Lanarkshire,41.44347639023341
2020Q2,Lanarkshire,69.48973695450093
2020Q2,Lanarkshire,54.494105700731446
2020Q3,Lanarkshire,75.03923031409977
2020Q3,Lanarkshire,63.851048900287935
2020Q3,Lanarkshire,85.29922884761595
2020Q3,Lanarkshire,74.0792462353832
2020Q4,Lanarkshire,79.38985098670963
2020Q4,Lanarkshire,71.3126434005555
2020Q4,Lanarkshire,83.22359292615857
2020Q4,Lanarkshire,77.58612252887062
2021Q1,Lanarkshire,79.80219040468114
2021Q1,Lanarkshire,81.11050920910075
2021Q1,Lanarkshire,85.58984021337508
2021Q1,Lanarkshire,81.925164431969975
2021Q2,Lanarkshire,81.02152198537742
2021Q2,Lanarkshire,78.9460476787955
2021Q2,Lanarkshire,85.6676359822663
2021Q2,Lanarkshire,82.12186040435053
2021Q3,Lanarkshire,82.99606309084982
2021Q3,Lanarkshire,84.72018059638809
2021Q3,Lanarkshire,89.74117413724713
2021Q3,Lanarkshire,85.94934707160157
2021Q4,Lanarkshire,84.67822275353657
2021Q4,Lanarkshire,88.89753636412429
2021Q4,Lanarkshire,90.5619136499828
2021Q4,Lanarkshire,88.12722968692694
2022Q1,Lanarkshire,86.65946390903947
2022Q1,Lanarkshire,90.42052324648226
2022Q1,Lanarkshire,93.94432076840344
2022Q1,Lanarkshire,90.3991461389896
2022Q2,Lanarkshire,85.82659534768005
2022Q2,Lanarkshire,92.10887281138216
2022Q2,Lanarkshire,93.33231769246396
2022Q2,Lanarkshire,90.3812583803476
2022Q3,Lanarkshire,86.9125846276384
2022Q3,Lanarkshire,91.89768763725615
2022Q3,Lanarkshire,96.23199113409676
2022Q3,Lanarkshire,91.72181882618622
2017Q3,Lothian,94.0095067208109
2017Q3,Lothian,83.60723553081868
2017Q3,Lothian,91.11798205626248
2017Q3,Lothian,89.36321537513237
2017Q4,Lothian,93.67166244672651
2017Q4,Lothian,84.99629629629631
2017Q4,Lothian,93.54745294195077
2017Q4,Lothian,90.31782726384522
2018Q1,Lothian,96.3480045397304
2018Q1,Lothian,89.03534609720177
2018Q1,Lothian,94.89599743665056
2018Q1,Lothian,92.45904268113424
2018Q2,Lothian,95.62256052995784
2018Q2,Lothian,85.38098599398148
2018Q2,Lothian,93.556707849414
2018Q2,Lothian,90.85246163257705
2018Q3,Lothian,95.07694748532444
2018Q3,Lothian,82.0385818561001
2018Q3,Lothian,92.4766863843238
2018Q3,Lothian,89.42168995342648
2018Q4,Lothian,91.77876728380596
2018Q4,Lothian,84.70700152207
2018Q4,Lothian,91.51529417918842
2018Q4,Lothian,88.7970976716475
2019Q1,Lothian,94.93787316443442
2019Q1,Lothian,85.21665250637213
2019Q1,Lothian,93.65339080001064
2019Q1,Lothian,91.37011919220144
2019Q2,Lothian,92.47749335212892
2019Q2,Lothian,84.13539201322364
2019Q2,Lothian,89.2893910369183
2019Q2,Lothian,88.24704804126347
2019Q3,Lothian,90.49900833002776
2019Q3,Lothian,85.7479300827967
2019Q3,Lothian,87.7747464868482
2019Q3,Lothian,86.64802203647815
2019Q4,Lothian,89.8763365288943
2019Q4,Lothian,87.4434307880181
2019Q4,Lothian,91.48642370431553
2019Q4,Lothian,88.42909487799173
2020Q1,Lothian,86.57240492836317
2020Q1,Lothian,83.77852077745527
2020Q1,Lothian,89.49521792324998
2020Q1,Lothian,85.47288698190735
2020Q2,Lothian,55.240178158075395
2020Q2,Lothian,51.901766996106616
2020Q2,Lothian,63.8235294117647
2020Q2,Lothian,59.477299927768904
2020Q3,Lothian,67.90415919320452
2020Q3,Lothian,68.09952238142841
2020Q3,Lothian,78.28054837595435
2020Q3,Lothian,72.81156133145345
2020Q4,Lothian,78.36760124610592
2020Q4,Lothian,74.0288323979311
2020Q4,Lothian,83.36808188021227
2020Q4,Lothian,78.980190755686
2021Q1,Lothian,81.01793288191087
2021Q1,Lothian,75.71956546085788
2021Q1,Lothian,84.27604122818622
2021Q1,Lothian,79.96616272933288
2021Q2,Lothian,85.33490319204606
2021Q2,Lothian,73.70795734208369
2021Q2,Lothian,85.87461115099306
2021Q2,Lothian,81.75203740132335
2021Q3,Lothian,87.03085299455535
2021Q3,Lothian,76.31473450198622
2021Q3,Lothian,88.60613415185476
2021Q3,Lothian,84.11521885215669
2021Q4,Lothian,87.32417167320214
2021Q4,Lothian,78.86217136235243
2021Q4,Lothian,91.6499261805068
2021Q4,Lothian,86.57173480324604
2022Q1,Lothian,88.4641663435082
2022Q1,Lothian,80.88168459324343
2022Q1,Lothian,92.2935303711758
2022Q1,Lothian,87.73094809166702
2022Q2,Lothian,91.3316699011182
2022Q2,Lothian,87.67517213446739
2022Q2,Lothian,92.77093746190418
2022Q2,Lothian,89.42097108794411
2022Q3,Lothian,91.97459051206768
2022Q3,Lothian,89.61544637122671
2022Q3,Lothian,92.27759720717468
2022Q3,Lothian,90.28571428571428
2017Q3,Orkney,97.01653486700216
2017Q3,Orkney,97.01653486700216
2017Q4,Orkney,97.8527607361963
2017Q4,Orkney,97.8527607361963
2018Q1,Orkney,97.79575892857142
2018Q1,Orkney,97.79575892857142
2018Q2,Orkney,97.58576874205843
2018Q2,Orkney,97.58576874205843
2018Q3,Orkney,97.597254004576655
2018Q3,Orkney,97.597254004576655
2018Q4,Orkney,97.51516902629297
2018Q4,Orkney,97.51516902629297
2019Q1,Orkney,97.5596228508042
2019Q1,Orkney,97.5596228508042
2019Q2,Orkney,97.43357487922704
2019Q2,Orkney,97.43357487922704
2019Q3,Orkney,96.84607473431608
2019Q3,Orkney,96.84607473431608
2019Q4,Orkney,96.85754189944132
2019Q4,Orkney,96.85754189944132
2020Q1,Orkney,91.09568367038938
2020Q1,Orkney,91.09568367038938
2020Q2,Orkney,55.75945793337098
2020Q2,Orkney,55.75945793337098
2020Q3,Orkney,68.9257969461559
2020Q3,Orkney,68.9257969461559
2020Q4,Orkney,82.50993753549119
2020Q4,Orkney,82.50993753549119
2021Q1,Orkney,80.78804347826087
2021Q1,Orkney,80.78804347826087
2021Q2,Orkney,82.01246660730187
2021Q2,Orkney,82.01246660730187
2021Q3,Orkney,83.94659719960924
2021Q3,Orkney,83.94659719960924
2021Q4,Orkney,88.69991351974633
2021Q4,Orkney,88.69991351974633
2022Q1,Orkney,92.030250145433385
2022Q1,Orkney,92.030250145433385
2022Q2,Orkney,97.33777038269552
2022Q2,Orkney,97.33777038269552
2022Q3,Orkney,97.2474289171204
2022Q3,Orkney,97.2474289171204
2017Q3,Shetland,61.49283242708849
2017Q3,Shetland,61.49283242708849
2017Q4,Shetland,61.757425742574256
2017Q4,Shetland,61.757425742574256
2018Q1,Shetland,58.90237733940313
2018Q1,Shetland,58.90237733940313
2018Q2,Shetland,58.262393590385585
2018Q2,Shetland,58.262393590385585
2018Q3,Shetland,59.43704448353857
2018Q3,Shetland,59.43704448353857
2018Q4,Shetland,58.56435643564356
2018Q4,Shetland,58.56435643564356
2019Q1,Shetland,65.57911908646004
2019Q1,Shetland,65.57911908646004
2019Q2,Shetland,61.59456740442656
2019Q2,Shetland,61.59456740442656
2019Q3,Shetland,64.02590931738914
2019Q3,Shetland,64.02590931738914
2019Q4,Shetland,63.827129652760426
2019Q4,Shetland,63.827129652760426
2020Q1,Shetland,57.136072191878405
2020Q1,Shetland,57.136072191878405
2020Q2,Shetland,27.630859018785337
2020Q2,Shetland,27.630859018785337
2020Q3,Shetland,36.300338727888594
2020Q3,Shetland,36.300338727888594
2020Q4,Shetland,35.79003181336161
2020Q4,Shetland,35.79003181336161
2021Q1,Shetland,35.672832789263694
2021Q1,Shetland,35.672832789263694
2021Q2,Shetland,35.5056589996349
2021Q2,Shetland,35.5056589996349
2021Q3,Shetland,42.78616120721384
2021Q3,Shetland,42.78616120721384
2021Q4,Shetland,41.91352345906163
2021Q4,Shetland,41.91352345906163
2022Q1,Shetland,46.97321240244674
2022Q1,Shetland,46.97321240244674
2022Q2,Shetland,47.034511262657574
2022Q2,Shetland,47.034511262657574
2022Q3,Shetland,53.47208324994996
2022Q3,Shetland,53.47208324994996
2017Q3,Tayside,76.81455826590631
2017Q3,Tayside,76.58368644067798
2017Q3,Tayside,47.28383884110457
2017Q3,Tayside,74.6047823699805
2017Q4,Tayside,79.6502432182399
2017Q4,Tayside,81.08338664960546
2017Q4,Tayside,45.018115942028984
2017Q4,Tayside,77.87498116618954
2018Q1,Tayside,78.64211354557558
2018Q1,Tayside,83.17571450964
2018Q1,Tayside,59.605774569683504
2018Q1,Tayside,80.0530888030888
2018Q2,Tayside,76.8339518076194
2018Q2,Tayside,81.24398664327353
2018Q2,Tayside,57.1978021978022
2018Q2,Tayside,77.56915167095116
2018Q3,Tayside,77.98726114649682
2018Q3,Tayside,78.30862812260084
2018Q3,Tayside,57.690217391304344
2018Q3,Tayside,77.41053598316977
2018Q4,Tayside,76.8878756893575
2018Q4,Tayside,76.99705815795429
2018Q4,Tayside,47.77173913043479
2018Q4,Tayside,76.83376431857599
2019Q1,Tayside,83.32904023491834
2019Q1,Tayside,86.44077547028705
2019Q1,Tayside,52.4576506525965
2019Q1,Tayside,83.65757527983602
2019Q2,Tayside,85.79289015158325
2019Q2,Tayside,82.69827998088867
2019Q2,Tayside,50.72782202691567
2019Q2,Tayside,82.69554569110669
2019Q3,Tayside,85.44510333695918
2019Q3,Tayside,83.369147251753
2019Q3,Tayside,40.50188882892607
2019Q3,Tayside,81.89767010157048
2019Q4,Tayside,83.49816283781463
2019Q4,Tayside,81.57025226831699
2019Q4,Tayside,53.818972546887736
2019Q4,Tayside,80.68276520926074
2020Q1,Tayside,76.75525783873177
2020Q1,Tayside,79.52760230705852
2020Q1,Tayside,44.264436895740786
2020Q1,Tayside,76.36902579146803
2020Q2,Tayside,51.718793794206384
2020Q2,Tayside,55.331718556152886
2020Q2,Tayside,45.393352965923434
2020Q2,Tayside,53.82584079770153
2020Q3,Tayside,72.2226976330247
2020Q3,Tayside,66.23292890217455
2020Q3,Tayside,32.80749322159231
2020Q3,Tayside,70.6284910246024
2020Q4,Tayside,72.90853431380489
2020Q4,Tayside,69.17110442231998
2020Q4,Tayside,27.697509990777743
2020Q4,Tayside,71.73014666847097
2021Q1,Tayside,72.254240618246115
2021Q1,Tayside,72.178002894356
2021Q1,Tayside,25.38688282977156
2021Q1,Tayside,70.10440063222694
2021Q2,Tayside,70.82158839361075
2021Q2,Tayside,75.68342025330963
2021Q2,Tayside,9.818840579710146
2021Q2,Tayside,69.22119451921715
2021Q3,Tayside,73.76199040767385
2021Q3,Tayside,76.0020943626738
2021Q3,Tayside,2.508960573476702
2021Q3,Tayside,72.52251376111101
2021Q4,Tayside,73.26736995271008
2021Q4,Tayside,77.65429434613725
2021Q4,Tayside,5.2304505437597095
2021Q4,Tayside,73.5384297054287
2022Q1,Tayside,74.15690248183932
2022Q1,Tayside,78.13518343319667
2022Q1,Tayside,8.964646464646464
2022Q1,Tayside,74.88785089950515
2022Q2,Tayside,72.84172157577457
2022Q2,Tayside,79.34997215612817
2022Q2,Tayside,20.21932830705963
2022Q2,Tayside,74.35040391988998
2022Q3,Tayside,73.71435756297238
2022Q3,Tayside,83.13673197250999
2022Q3,Tayside,15.56764106050306
2022Q3,Tayside,75.93086304108947
2017Q3,Western Isles,79.09060736807169
2017Q3,Western Isles,79.09060736807169
2017Q4,Western Isles,76.74529048599018
2017Q4,Western Isles,76.74529048599018
2018Q1,Western Isles,79.65116279069767
2018Q1,Western Isles,79.66049854717848
2018Q2,Western Isles,78.16272142969117
2018Q2,Western Isles,78.2105427811669
2018Q3,Western Isles,73.92114250232848
2018Q3,Western Isles,73.92114250232848
2018Q4,Western Isles,75.39870519501027
2018Q4,Western Isles,75.4142338646047
2019Q1,Western Isles,76.95992335941243
2019Q1,Western Isles,76.95992335941243
2019Q2,Western Isles,79.02702702702702
2019Q2,Western Isles,79.03997530483099
2019Q3,Western Isles,71.4833563429974
2019Q3,Western Isles,71.49210243827633
2019Q4,Western Isles,72.75327412313713
2019Q4,Western Isles,72.7614747930775
2020Q1,Western Isles,70.28562411235599
2020Q1,Western Isles,70.28562411235599
2020Q2,Western Isles,35.63929508811399
2020Q2,Western Isles,35.63929508811399
2020Q3,Western Isles,45.14653565983397
2020Q3,Western Isles,45.14653565983397
2020Q4,Western Isles,52.129110471283525
2020Q4,Western Isles,52.129110471283525
2021Q1,Western Isles,57.82934131736527
2021Q1,Western Isles,57.82934131736527
2021Q2,Western Isles,61.65257380210652
2021Q2,Western Isles,61.65257380210652
2021Q3,Western Isles,59.58723653395784
2021Q3,Western Isles,59.58723653395784
2021Q4,Western Isles,63.045745790493214
2021Q4,Western Isles,63.045745790493214
2022Q1,Western Isles,69.318527532704593
2022Q1,Western Isles,69.318527532704593
2022Q2,Western Isles,72.67908526427381
2022Q2,Western Isles,72.67908526427381
2022Q3,Western Isles,74.0752302169502
2022Q3,Western Isles,74.0792759051186
